slug,NFTcount,image_1,nft1_id,image_2,nft2_id,image_3,nft3_id,image_4,nft4_id,image_5,nft5_id
cryptokitties,200,https://lh3.googleusercontent.com/SHiDp3dmNKxONF2s22HRkDpfL4sm9vZNzjneHRdUDLtUBmnmHUaATzULF-OWr9BQejhL9YFTVCVEyoo24-8LlTjz-w,500040.0,https://lh3.googleusercontent.com/JWtXJgZkPEJypaZPCUGbpAR9iUJicr4J8Rimm5lvGY0poc32j-2zuaMGBKjsYIyxJA-_Tzxzw2PuAhxpRsikNgc,130320.0,https://lh3.googleusercontent.com/iQAcJGthaa6gtSiYtN2jSMYh9bXXbG_0pE1ukuI-f72gIbtWjcp7PFlV_k73PPgnw3h-wtayoLrqLuzEn778qNHA,313440.0,https://storage.opensea.io/0x06012c8cf97bead5deae237070f9587f8e7a266d/851358-1550785391.png,1105200.0,https://lh3.googleusercontent.com/N9FroR5egAAUmr7g-vN5vi5XJk331SecXTDqRKY1_e2sFCDUe2PM4MFKpb1FMfL3ynHHtLjEdm_PXNCdZ6TRJcM,1623481.0
cryptopunks,200,https://lh3.googleusercontent.com/SPNB-h3sm0r92xkA38JlhKXkYJSkjz9s7K-tSmlxlB644yWGYXm-4MvOMG1COOsD810U9Y_uVe1-nAb_toNYoEgJDAIoF3sli3SthEs,179040.0,https://lh3.googleusercontent.com/Ec1gV6ZdbYMgCTefCy5UYOTIqba11DGzBLkUT7p_9TheKuEQ-T3VnncXXukbXj3TRYTCJBEmGnBWQG2bS3uK_E59,179880.0,https://lh3.googleusercontent.com/wEv4LSrnfFyZoAN3OwzZp0zJuy4ZOBiEZVhzkC0aQoolPUY93-EN8qI0KEevp5_zrN0eCdr0zafwnlYixTnSS-1K,527161.0,https://lh3.googleusercontent.com/LLW-AQqm1idqnNy7wYekD2yF6UWB0Mf4wxAX3-BlxOdd7Hq-La26AyXZFom8yMsiFlripRW43pypY85G18rZSKaD,179881.0,https://lh3.googleusercontent.com/yxsioveNHV03dRSjp9B3GNkQtqfmdqfElLgLhTR0oTVgzOEjpummNY-vn4JrOz27d2a1C4aOxj1DYfyAKHDarZk,179762.0
decentraland,200,https://lh3.googleusercontent.com/RjaqBLa9-tgvBaiYh2w9atkvZDUPoYclSLiLS_ropSIBYPllQI9pXvKT9FDv5twwrST2Sxif1894FzD4f_shXJOUbRbim89pnVwOvw,978000.0,https://lh3.googleusercontent.com/RcZsBWUXylfGTddp7CB7M1RGx-wIqZVHXqGQWViOmbTnGGNlPhrGVg27EvGdQV_S18y_5M96wKEuGQjMWUvFgSBf0-S0Q3b39EAPsg,2567520.0,https://lh3.googleusercontent.com/NqE0P87d2CacjHaOGtWq4I46Oip1iHTuvGB9tTLTRmYoIjCZJPHUUN3n1-ZPTnwi8jJblXmbYO7Fj0LhU_aYo_WTzWmF-BQk9wbAzQ,1002840.0,https://lh3.googleusercontent.com/aSEXd3odzenJiUpERaylDSA9gboj1qMWkVFleWc0i4eTiUbO79nw9dDfbagbj0zMG7QITAkuTR0ligvQUNN1ireVkQ7IwtNhX21OwA,2546521.0,https://lh3.googleusercontent.com/gurRmj37mEIjg73YVYzpSXUJQu7L0HQTUxzcLNnY8GoJzUR562f4IzPvA-9seDzXFAIt9fOcGGOwFVag5_rYEnAomkZpQTQ41D3P4g,965881.0
boredapeyachtclub,198,https://lh3.googleusercontent.com/xeCKG8mPjo0NsPjhIh4hnhMrUU7I6spQiwhVKnCh1kKoKlzlyvBg7USemwQCNGKLtpmBMQvK1MrWJCr8FCOlLQJ4_AzXhrj6PHFEuXE,23139240.0,https://lh3.googleusercontent.com/-rytXWCYtiXhrxQgHHrXWUJv8RuuSrndRSQi__6nZJY6Cz_zI0fERTkOvtgZvmruDviStYwbxYDrTit5zcESXgKDs__1ZAkbpoGzbQ,23139961.0,https://lh3.googleusercontent.com/1pLQWxvEGL-g8XaoEKqm488XvPbJIk8AVLqsIEhc4rDFUVR8dMSq-8KVjmKoaC2YRABMA-JmDCbYyKOq-RzQvtdANp6YCj6Vfu3B,23140441.0,https://lh3.googleusercontent.com/cAMxa0x47ALq4y6uEo0iXKSGM7RYMc-RqqQp-LxT4H2IwE0kkXiJYdyelIC0oOO9Dk3imAe6JSiwtKCVQxhccWMlVOTkRWtke4XVxQ,23132402.0,https://lh3.googleusercontent.com/V7D9jEqA8bau3lE4b606SWLIpLI7ddRKe_SZEFXrkiIbEynvSQT_0_QrIvtxQQt3EYUGrPcUpMh2QS0l_ag9Kl3XvmGtjzqrKchNByU,23032442.0
mutant-ape-yacht-club,197,https://lh3.googleusercontent.com/uLcwmckd71Y3yhQ0aWE2VbW5bRZissybkWODPSxCzDfhvqAWBPTzCtU-54DwHEOssYBc3a4hHJsCvTZAl83IOLxvsfYqPl4zbwuk,42201841.0,https://lh3.googleusercontent.com/VjdsG7LtmhvwxculOrMI2qoDfAQG1_SYh-Pq89PQmj-QyKkWEPwz4KFmgWYUbxzFqLPmwD14Xw2jQRaHQxRuCPx7b4wi216Wi1zwaA,42192123.0,https://lh3.googleusercontent.com/f98aXFktBZyRZxkTmbz0gdnMuAKD8FtZhmENMoW9mupDgsNED-XRpMFBqH9UyH2sgbLMtgPfPG6ruOPIBXbswtABtk4QWHOi3Zs1Cg,42189603.0,https://lh3.googleusercontent.com/US8uCOl4vCbviwoin7ZpgG8nmw7Qq3sL58jKZ3hS9tf014sOOv6IeGC7zBDf2mhy3okVejOAqFCCJwOiAW3i4Z69vNdsReFW6LhuOg,42197764.0,https://lh3.googleusercontent.com/TjOTdGbhVDckyOsSYQCIqX3hMJF6mYcm2i_8Of0y-swplv0eH8pb3AnCRJRDBydpyYc0uQohAr59GQALw0VRaY3uSjkbegwY0TFY1vQ,42189484.0
meebits,197,https://lh3.googleusercontent.com/63l_0-qO0K-gZ-niA11oJlQCw73gSrCDAX6XXRXIAsr5Dr2QaW8JvX_5Ao6IL6_Vm65igAgZcVPLVfv-9FFO2VKmJ23i1b4TCyCokg,23301240.0,https://lh3.googleusercontent.com/AJqGhTgfFOPaAWze6CFS_0foenPgcv4ZLuLd-AifeWZXorUL3gFDxEIwhyZNf0M3kdT1swkvMwqQ_sQOjX8a1lLfXLbZuna7mkvg1o0,23301840.0,https://lh3.googleusercontent.com/ME7JF08_wnkuVntDNmLXiqPYu-_P7iNchEo2hlVMH00Gzop1oe8hn1PZN49GMdG-se9gcTVjBZ0N1O_0Jblz5z1VI75Fl4453PMl6A,23299321.0,https://lh3.googleusercontent.com/D7IZdGfIKStvbm__LF1R_DF62jb8IO6AXEDo6W_SoF_aisIXfqkaDQGzqIzJWbkA1mr7RZgL5jqaRw5vQzal3ykN_DLduIzKxcitMuI,23311442.0,https://lh3.googleusercontent.com/Ns4-RXxBi3jy-UjXM77M0CTOfaK9eowvZKVC4SOy-qR8EcT4UO3oA0cKEvFN4pTFPtK-Kfic0nsBSNjB1wo-QcMKXPSrYqiMvqZedI8,23308922.0
cool-cats-nft,200,https://lh3.googleusercontent.com/LV20G3GGBQR85nN6iCW2J0ZH-THNNXVB9BSsSaRxtKIp-T5iDXwpzYXNlsgBCVJW5hrrFVIy3E1WLZIG-F_4MprMBHSDQndVQoPqobs,30238200.0,https://lh3.googleusercontent.com/F56kkNkWOoQdsTAW8MKz2iuYZ8INxN8zfznKc8Uer49fC4r7FbYx_dQJo4KXtqeVPwEs-sXXAMNnPfMnLGY-uSpoSCu4IA7VcHSQjw,30221640.0,https://lh3.googleusercontent.com/CLrfSIc29tmnuWvmTPuYgLG_fNXliLlngB0DgiyW0NJ-oc8DhssTXJbUJBBz9kbRLgwAcsNIBBfIQjYdQLQfPZlwqAQANUUEPNq_xA,30223920.0,https://lh3.googleusercontent.com/NTOF9lnnzCy6w03jSHZg2MNW76gJcf2WdOeLp1JuyljNWX-_8bIptMGc6iFI7MJFPw7LWgEiwh8iQtzCQVKm4NP7OP5dXc5gvqF7jDg,30247681.0,https://lh3.googleusercontent.com/hCUy18bqBvdU6IZXcqOLY3ETb8eDuB8xNcEheS0woFGVddGvx3ktBjv3yrDTE6g-W2sG5-IVTe_BLr9L28EKy3JQDnORs9vNN7yxgQ,30239041.0
sorare,200,https://lh3.googleusercontent.com/COXLA_5IcHAHz5K9QlsibR5mbXzb-FzJx87Ypihmxj5jN_Aaw0lue21nTVUWJy2KQ52M86oUN88Av6oZ-sNc7XegIM7b_qkDdDMv,17626680.0,https://lh3.googleusercontent.com/xo6HbeD8EAfEqJT0QQ0IS50_DKJugW5eFsDIHmEbxg4p5dycA5KuJ_yk_0m5A0dBEKayOOShkwfvQYEgZ_hYaFekcaID_yJFzG5yHms,20081640.0,https://lh3.googleusercontent.com/3YwC0lU_FpmZif2SkamzNGNyS6SW1NFEikUsv9oN2Zg2KfsXic6HKyMavfzz6OV-4rsixy58tz8ZEAB5CZdWOGPZ,16808880.0,https://lh3.googleusercontent.com/nQizgZQqM2y2mHSZ2R4nAKAdCJOwWDmDdpCQflgvKHDi6dIAh268l_-dnPbYGGYd1nx_qEXfrj2pIdxiyUMFA6M,17199961.0,https://lh3.googleusercontent.com/j1_iItYW2ZKx5-4CK6HFOxGB9bYeYeYexSBmNEyzNbxW-Xlx_Gab9YaHrA3xviFhWIyQ3gRKXTS2tse1Mh31UV9lUWAnrDlVq5FJxQ,17767801.0
parallelalpha,143,https://lh3.googleusercontent.com/UnISeepuFDs-OZTWzz23BipsVI-hdWcQGQGp2NypU54E2dhjjjrjXxTeLWcwBkeVaIfXv_o0xSbsXxPOaJ0_RVc1yZwb-77ADPVsQCA,33432672.0,https://lh3.googleusercontent.com/ULMb7E7c8Kahb0je3L-iQVc3ZrmlcAMQ4rCMLYyEm8iame4c3PFeDQoW8QhwzvMRmiavFw81TIB7ZXJ-i8ZC5tckzoW8DIokTQ6EmQ,75519362.0,https://lh3.googleusercontent.com/Dy7owTRAPLgYZ8ownJKHWbQgrdhjErFZCgQMpPbc0simmQcBaFiT7MG_yZYHxJ-u6KYQxk0xVfOG5BAqWkcpckXyDQwTZtSUJCLHTB0,22635314.0,https://lh3.googleusercontent.com/EVt4olOJXtS89NMSYBI4wRww9ld0bI-Shz2t1pePiS0DbxXu1qjt6PzjcLGCL4vbooyCVjx4kGeIejuZQVZCkJ39snZBlvdMcdXW-Q,33692962.0,https://lh3.googleusercontent.com/-SuWl8Y4swUMdhVvTw0kMWwKeqwPQhDmC0Gr5t027JUgoePylCnxRj71Ouz0yVYXH4Dle2ssbCG5-hpG54Lee7rokCS2aYe__Z0uDA,33732947.0
cryptoadz-by-gremplin,200,https://lh3.googleusercontent.com/X_zf2IO3fblIbPkPhV8PAe25e7xUu2DqwlUwOpXveT5R4dwMSCuh40OHn_NW3q9z2p0hGGLnvWL5vDgTaVPW9eknlaBahQAYaTis,47783760.0,https://lh3.googleusercontent.com/6iO-BdigT1hOsn3qgpUyHD_oH0E3mkaHydOO7iZXMtMhXrzvYNyolQKhdaMhbL1Qu_EmGm1Cc_rsapBnJzDMB4YV-irxg_wykeaaZQ,47781481.0,https://lh3.googleusercontent.com/LgLkNFqjKO8-HZpxFlCYVzLVZoGKaDzKwctLN8FoqqLDVnUOAHyI3nTUj-36tFNAO5O4caU7Lo-Lg5xN1D9fWzlhVwoXNm4EF_0V,47780641.0,https://lh3.googleusercontent.com/Jon__vrPw6Vzod-3nxAWQDsFTotHJhCjhoQ6t1yOpQT62iPvJrYceSI6FESdh30v2puZbyEjN9zgYrWI3Ea89R7u9C0r3wvXrGqncxI,47779561.0,https://lh3.googleusercontent.com/qbKAtWCeleKgKr6rFsaWspjjk-gm1NEg6UTpIPA6Ji3Zp1UzvSruZj0uUbijAugRW5hhkfDeY72kEWl8H96UXQnJQD04cTJ-M5AyFg,47781122.0
0n1-force,200,https://lh3.googleusercontent.com/a8FAvknnqT9gwRzorO9c6XE8ALFeegsTMWLdLyZlN5PVyzOK3t6IUZDI7xRjKF0_dEFNf4YcvFrY--UKpeepbWvIsWjBSPdHNcwNH0M,38109600.0,https://lh3.googleusercontent.com/KzDoGXkZjwE5ul6S_0CMFRTv143oqfheo4Rtoxp6Qg36FA3IiIoxPtsZToDVsaAvtOwRLh8F9TggdCGRClTVbgb-Eq2vsgM_3RATWQ,38106360.0,https://lh3.googleusercontent.com/DHZcFtdG8OL4S9e5IWMHPFRGC6fDb6AaTyAynmG8B1F0J5SxkH8eK-GZ_-vopF1RQleKOFklmiFTvcue8xpCLWnRjlSuSCgRT6G3,38107440.0,https://lh3.googleusercontent.com/hOhU-PkaoEb6Q9B4uZjNgCJcjPBYqIfPUN4q0Bv89ph35JMnEzrPvNKdR8FRwuS-x2FZ72uo-UwHwaZqp3UbGY78CqL6k-4XPcKIUA,38106601.0,https://lh3.googleusercontent.com/c5boZ9cnnF1ml9xNXX2w90LqVL_1-7We34BlcBp5en8eX1J3Ox6lSAIOPy7ei1-D3KQQVbQ5BibSGtR_poNCchj-nT5Ji-5-gTrmB2w,38105881.0
mekaverse,200,https://lh3.googleusercontent.com/WmmDlkvR-uy3yZX9OPAfbuJIzJ5EagY3FJCd1V8P0sGYOA42OOa56kkBKaTzPY364P2aKjfVYzgcWZDtapDr4jVNpwHa5hP-QpyE,67759680.0,https://lh3.googleusercontent.com/5dr0WevLjOC5ZbaQ12zaw9TPn8stgj37dLRhNl7W3_JFkjl5m_uNo7vcDS_gfapeKplqb5IbHsP3_ZsoN7LI3pIkD0uitacB7sexbQ,67768560.0,https://lh3.googleusercontent.com/nxdyaU4Sy3adndYu_aXq9-u8kNhXdDatLVyZsz6dJokN1mS9A_rnUYlpTOqcH8WzhTbYikBJpHesvuiEPyElVk8PLrlGf0IynLog3g,67767360.0,https://lh3.googleusercontent.com/W3SmM9lY3mRrOWTkXy82VDDFEAFogzL-yX3lART6TjEPBRDev_QzmESdOvOKot_JWaMY-CqppxpEKK197UParvMOxUxHQVUe31hg4g,67768800.0,https://lh3.googleusercontent.com/876PVxFU5GFNtxlPRlILKSdhqMHg5-qT07R5WixY8WBZaOLcFP9DE8Wf7YYDsz3q9BmeQAN3otgdTQVNhA1WGY8cV7GnoAGNp8s1BQ,67761961.0
pudgypenguins,198,https://lh3.googleusercontent.com/65DF5YD-9k4DkuBJgq-H0rQHTNN_G7_TVCIF66JB5s4UDj1MHyaohll9a8HfRKKVGziAWkwZtse7pbxIJBBHvGWe4_1N40RDkBpxk5w,32449680.0,https://lh3.googleusercontent.com/uuU55FFCt8tTJs5xXqlmU7dpmlDMMTtiegLABqlAYK0nn4ND7MnDVBmLShJXKVjxomZa8xixJp-_2SSbTkFMF1J_b7gTBBe-NgtcEA,32454360.0,https://lh3.googleusercontent.com/MXZaeIsCBNRlndh9aAnFGaxbfrn3Tb3KHDgrwTO5DlZaUUUyDUI5r-IRjE4sQIbXEqwuogmjCxyQe4h3Lxr4Gn12kfWsd6fyEO-IdBI,32452081.0,https://lh3.googleusercontent.com/xiEQ-_7SuLKI8xrMOTWetrXaOUZJ7gkOHc4hH0sWcDPL23z7vp7V1GH_RVs7LaYeiZsppz4ealz-ftkcuhGZgPD-a7PG8h6FwhWq,32450281.0,https://lh3.googleusercontent.com/COL4YVo8_6xEqbz2D_ELNrOVFOV8WdnKaTDIyWHXT7Gor2NGOJAfAjRA1FtlTh8mL6cNI4wmCPTj9Sw4rCXEtkN6jd_SvP77ISIu,32449321.0
zed-run,199,https://storage.opensea.io/files/5817643c343315c02bf9ce8c565be733.svg,2946000.0,https://storage.opensea.io/files/5817643c343315c02bf9ce8c565be733.svg,3711840.0,https://storage.opensea.io/files/d3ccd74e3d96cdff2ac9fb1d5e7ad1e3.svg,3686641.0,https://storage.opensea.io/files/26a2f82a09efa85b593eee22e8543224.svg,3249241.0,https://storage.opensea.io/files/2298002e0dd1bfd5e1e0d551df075b5e.svg,3275042.0
fidenza-by-tyler-hobbs,200,https://lh3.googleusercontent.com/HA8S6js3f29rsy4B4qjzkZbOiDXlLnWWrM7afvf6QZAHfiLe8COpvE431udX8AVNpnq26Ss3zM0oYiKonwxihPIVDXjwlaaxaXqoTA,26680920.0,https://lh3.googleusercontent.com/mD0FjoKVChcraRul239hAAikhtOzZHVb9SHX3xNYLoFT5A1TfiH0yjg1uNArkOQWJD3-rHU7CKcjtnwP6gc-mGY0if6d5hk0PHvRhA,26681040.0,https://lh3.googleusercontent.com/MjygTcUlIs4OmMj170IgsIcxlBf5zCeQSf7GeW94i52eF7IdXhi_NV9YebZ8jYxrBJqu96nnxOPcTeel4codkqfdpWzj71F0j0egLQ,26681400.0,https://lh3.googleusercontent.com/g5_BxAqUmYgd0UzXgi0CYmVP1tLWSYYDhj72FJbYu0wonm7oYaYEzA2ORx-d46ZX4O-ETwgq80ovVOQrvD-JUkuaCkbW389nGe1Y,26681401.0,https://lh3.googleusercontent.com/VKLzV5ms2yOQxhauwVaQuv4o01h686tk_3tOSFz4xXuXdkE8b81aAr8z-7T7LKMXM5cGpdktS1fSmE8WEJMBb4m69nEkNn6LjJQ4pA,26681041.0
hashmasks,198,https://lh3.googleusercontent.com/0O4h-Gd1pfJtwWvZh2wuXi6JLySslFK1vDjAnp1bcil7YREOIP1F-HQNFzfaOy3-tJAoHeHwGZNdYtEnz7Tlm5mJWmnxq2xxDJf_,17750641.0,https://lh3.googleusercontent.com/e2vcXy-wtDue2jtFaaer5pvn8VCGIPwX3q4qsqPzvPkSxKC7eki7h5SaLHVgveNUBz4Z5xX_O-ORqLSav5zsOpfJYWU9-3coD1zukqY,17728201.0,https://lh3.googleusercontent.com/QnBHl6VjJUSxVE65G1GPQ3YdFsnv0PrSnNvafihIzuVZUvwWjsxny7FqHE8ghHqORThMhase7jn8IzySgoQFklvmiiITJGAim7zw,17729281.0,https://lh3.googleusercontent.com/6KmRGtXNbX7RLvbyPEuWHVz80sQwShKe780Jwjf2HN3Qai3ERl6hOfMHCylCINNFLZMA4JcKXnZJZ-h18F3k8r9q4FNx1Mv8FMpYdA,17740801.0,https://lh3.googleusercontent.com/RRp4nRiC-ZZ87tacVt9fbsCGKtgDlNu4IvOlwSzRwq2F6e5gUgWcJP6TcTXS7tjX5Y5TChieYpbBJlglMf_UYsYoDYsMvxL7oAzO_w,17751241.0
bored-ape-kennel-club,200,https://lh3.googleusercontent.com/PkM_-GWotMGzQaaReFOmWPYGunutWeLkV8TxSUJYUr208fZNaV281S_u1vKyfcLPCbSPe4gTj4w7aazSRYcwpJ64yXRkH9tpQjuVT4U,29603160.0,https://lh3.googleusercontent.com/N9gs9qLvMA6HPHFzkvU_9qyzbGDHC5_Kfp2COWBDBnTytQ07stEdgC6rpe1D2vElqH2JlOonwQ6hmTQIRI-zEFZwrdGq6WlRNuB-,29085960.0,https://lh3.googleusercontent.com/jJgiqM3AJ45DadrN9yq1X8bF21AbeolQH-cww6L39NkMr231BANiqSbVOqSjcUxc0HT8n4ILOPdixxOCOFFpPbFNYXra65BavGdULQ,29086680.0,https://lh3.googleusercontent.com/JiQyoAjgttsvnEEHa7Zc4CJtoAQj4oETwj0C2q5gQ_QGpZgmhgnSKNtfI5XB4vbwG0v6a2HG91U6sbTQ5bLTxX0zzan4G63GTl9O,29088602.0,https://lh3.googleusercontent.com/jNKRqslBHevQwveoi5_VOI37AOZ_ndfJlX_-sElK_XZzhr0u6ET4ZRoC1Ye0FhC07oWPP1rqo0VuelJJB9UnwQlqm2Ik5hskpblL,29086082.0
veefriends,198,https://lh3.googleusercontent.com/Q5Xqnb-JhMhxVfrnaKNsCIq1hDBJG7dJopEGGAnGiNF-K3G-11aiBJUCY-MAoEXEj2kMG71ypVIgJwfIs1GdpWsszyRLS23WNHpS,24495480.0,https://lh3.googleusercontent.com/o9R5Q6BUuesao6PoyF4fLYnEWTur2CdBcZgsGrtFGepJIi94MgTEANyqrC34Z6bhVdNhyoO7pwOPZrdLHIPlNKmC5ZYtAHmxesUL7g,24843841.0,https://lh3.googleusercontent.com/vvgpgrMua8Pv1H_4EJ7cGWS9kYSoGQDxD00Drl5D-wNL0ZTyvUAt5r3Hiy0rErqvrN4hybtvgE-s3EnCGaOPd_qOmwrRHxGqiY7Vag,24840842.0,https://lh3.googleusercontent.com/BqcjMkj3LN1GfV_jhkBUAQJF2VOndGsgn89gQt1XphYCLRgEw4tD24X9QnZTzJrCa9mdc9I5IK-X936cjFyh6C6GEmLkFK4jcMm0Mg,24817202.0,https://lh3.googleusercontent.com/EcyF0ggQ-8_mdbb-LokEJyVzYDzpg4NQWFnPWWRhajvgVUcs6dKp7h2CjF4SrQqwit2TeOSIyaNK8RZIP6WCP7yIovwzHwOHh97RKQ,24828483.0
creatureworld,197,https://lh3.googleusercontent.com/748nJpesiUg4gOuHvpdUEYehVlNG4K9ADECP91c0ezJGKKDlM6v-B1S6JD-o8yCKQMexgNRrAgsSMmAsEV16CWtTBl3JBiQWc7P-,42161160.0,https://lh3.googleusercontent.com/-uoGWFEj9XoCLkhX-S09j_JEM5MmM--lcxO6H1cPqjYXzODpUEJMjef0I_-4g7Gtdc-LAPCTUGhLFfKkjbHunU57WbZOJcLcQjTT,42162720.0,https://lh3.googleusercontent.com/vrvJYEVMQNQRYCze6gyY95vUc0Vcjxl3RluM0Fmn5k14LXv0IpFz8QOjcni72WFecpNyYSjQTc0_J2T1Aoi48io1kEXewYcp3iI10g,42165480.0,https://lh3.googleusercontent.com/S3CnU6brxsLApOiyyyKWRZse94tU3ynblEV3c_NQykLFsD8nRApJRN2GEzSRO1YpAebWW0IsPhISMT163dOIXlpID4LFbnOG45ir,42162241.0,https://lh3.googleusercontent.com/N5FyM08c3MfXpA3Pk7uj0nfs_B_ENEg_eO3_b_z-52RF9z1186Ld9isjsZlJ2p3DYTvM5MfRY6NpcyIQ8omiG5TeEskvAyCAOTtd_g,42164762.0
axie,200,https://lh3.googleusercontent.com/mezp5g4T8nxTOdQ_3wBWEEMVgbTZGzPOu3p_TV0_YAW2A3KRbYef-GpGlWVANtwZ74cLzEsKoYAGUUywCjE09O3b,3640080.0,https://lh3.googleusercontent.com/m3upP8MVRUE0S3jiG4yI1RMm1ooCQ4VKC_ERbRo0wFHbgafqsXJImmoosWAwtIssoCihvp1NmqX_lvqkvYoeJGbX,4918440.0,https://lh3.googleusercontent.com/wUVEsVdQDoJ18OfIQ60Raof8qqvEE3Y704pWLSEsZGaiWpmr2_aeouw9ZwSO9xyJOqBpkvFj-nvuQABAndRP0V7lzg,3676801.0,https://lh3.googleusercontent.com/LCZ9P-EbZ3xwu10egQwUtLy79oITbjQHSrR__zY3Cr0uX4lytTESd2sMnmWJwhgXwSti84PJBYRjMOmwxljjwL84lQ,1092961.0,https://lh3.googleusercontent.com/KFcthkbnUBYuhijrJ52fKmxxtBD1CgEvSbPb6yBDAEnsEmQ93MnIRUsHRpAmJKQkbWAJCwko5YYkOUDHcBJ_nda2,896281.0
doodles-official,200,https://lh3.googleusercontent.com/ohekwBcqinSG-BmerCEzbNAbwXgld-utQcp-zccAt1ccGENAat_v2lMcXGeH31vKm65eUNpwUl2EACtfjf6Lj2LHrs4NPn-5FwERcg,74050080.0,https://lh3.googleusercontent.com/-zpz7fGyvYN1o3nfO7OR6aoKrv8Uj9hTdBf0aFewgb1eu24xk1LVleVp290Epve36hUO61ygTOVQ_RPY2fNyGNZvtU8kyA7-zO3Zwg,74041560.0,https://lh3.googleusercontent.com/diz3xCRbM_XWsa49mJ6X6EQJu45n-xpfjUr-3J1y2YP_ln2a7EnXhvsqHrLMKCB9idurTejjKC37cKoy-HxumfzVP2tUYY0rMMKs5w,74070121.0,https://lh3.googleusercontent.com/AgDhVWIlXTTnw1VP9IOpm6SZ9sD-kq3N4asB1o4fJaTPy0flsuTdBk94wnKQbLhdqNZmIPcZglXmPS5hZXugJZ58ZF2RLYsZVzn0pEE,74180161.0,https://lh3.googleusercontent.com/HerfYNtvWZaZhJPq0OGGMr2VVG_UYu0segn1jpLOXX40S972Kn5cAYXhZPXZUbFpnSz36klTI-GA0OC_Z66562kv71BUqQkcbaPGCQ,74417042.0
lostpoets,194,https://lh3.googleusercontent.com/bNqkc2b_A_acZt_8tQ71kqMs3YXRaR7h6KhaHolWbtDzm3pSNLJW8PH8k0pmDlgVHGoJgZOjB0yu6BxHfoExksxLSntiT_HGTawZ,59379360.0,https://lh3.googleusercontent.com/8a8akQJHfwFzaPHOo-WwZs-YDc9kRRkaEARleZN4EfvoLZsjFqnJby-rLLtTEG2uNnvxOi7Fex9KKUTlnsTdYdTdHYRo8NnTW7vT,59334000.0,https://lh3.googleusercontent.com/S0uxQUTUVNOkX9Ale80NGgYTOCjkvPo9OygW4cmlnATe0kSlipyKtZVa2iQprUfrw-q5xb4Kx-bKQQqsUqsROUTV197wZPSngryBRLE,59481000.0,https://lh3.googleusercontent.com/e_O73KOrgBYpxQI6KOWb4uvlughiIA5--AzvrKCbgxdLoUNZH36NqCttJIBux5QUOXsOd3E7EUgOAb9cAtJmnM30wDtVCJEcVSYESQ,59274603.0,https://lh3.googleusercontent.com/axK5urXPvLf1bLd-qtzizK_hTi0R1Cfac8Vat8YltKepI0Jg_JO35Ak4zW_OUcBjzMZO_Z7yzVGS0zjlXgKZOdsr_MteF3w2Jjl6,59372403.0
world-of-women-nft,199,https://lh3.googleusercontent.com/duEMe1Vt_RDl7tPigR5fhzHnJbSlxGLZXH0pg8NFkQZ3iuCHuxMrn-BYl-0p8Qse-NjkyRTwguRfq9nEjSfJsUs_Mj6XqDdywmiXVQ,33219720.0,https://lh3.googleusercontent.com/NAx3RL9PI36ed88EYFTbG19cF8kKCPO3cbx8VOoOHk0mo5jEJnxgzkiTfZ-ptM1wlDVXZ1NxfeWwOboaJ_b1a2gRl0pK6hNADmNMyA,33208320.0,https://lh3.googleusercontent.com/wr6k3QZhPxRQ9qFEeu0ytp_uEEJSz7wAcVpMK6QMod4sIorikdtlmxm6gOXeYFp3r2a7H12xxGROoJy31CXjHJHzyImvwQR6S4BW,33199320.0,https://lh3.googleusercontent.com/ooCZpJCjv0q3VVML2laa4zQ7rMQPhJ4ewejkvUJVRRzIIEnOBz186_6UpS4AmWz04nhWABBEdpXa-ihd8qWuwAh8NSeQslreEel5XQ,33208321.0,https://lh3.googleusercontent.com/g3MTpYekciet7mdQTX6jDD91mIBVMmabhEbYOiJo2pWcCRFhrrzMOhOn8W2F1WGF5JxSuHtUOqW4Ol8E1u0gOSdXNEhxRImRQXm4,33202921.0
the-doge-pound,199,https://lh3.googleusercontent.com/piqR6cOF8UZO1-vMHdJ8NHR9JNFxHvTBHcBvED5IKlx_qzOp9DndTW0n683YEUQSYaohWjjX0xaXfQPloAlfRmjJUc0OgMZDDTD39g,31261440.0,https://lh3.googleusercontent.com/4IOoOp7nIzI4BYe03KQpuy0NdlNAOchlNmpjdNQ7CjevePICA_x73RvyQcKnGZV4y6aEg2VvQHJTfV2FuqVxTVfAWorvRAf13pAJ,31267080.0,https://lh3.googleusercontent.com/SvhqhfZBj24TlgoQ6-N27prRlUw_Y72emxYzCzvkpMGvMofG9-6IcGvhDGC5IgwwWZMBSol8JkOff16E5dYNJfqVmE7BRkVk4ts6bas,31844521.0,https://lh3.googleusercontent.com/aoDZmXwMCOgKzsyIzja-wtqqdWWJo9q-WUq8sr_UWeB4nBECZBjXl960w8AKyRorVpsWKMWNvWaiG-YiIMVUhzRv2km7kVMGOssd,31265402.0,https://lh3.googleusercontent.com/Rbb5M-KRUZPKmMlWG-6ykZrrTghMjtjvzgZ_9q1U02xLzzJpgli9q6RxVISXEtSNfqUsEFuTx3NCbiBaSdpVqa0KNctphA6Auv3HVfk,31263122.0
ringers-by-dmitri-cherniak,200,https://lh3.googleusercontent.com/kC_2fXwyR7l8ZevIvKKQN9PmxqxOjlsIP-TMY7UzNxV1dQpuUEsyT7FDj4UZjMI0ofM9gnpq0V25BiNBeD_pSydCq-CwOH16-DBgjw,17765520.0,https://lh3.googleusercontent.com/XHiVOCqOrmpTQqapSLlp9WqeNAucshK8hJcYql9RCf7xdxEzh8XsQvFsLJ8UXP-dBgaogqtyBkePXFbcvx5wLdb2srsOrOIOD-__,17765402.0,https://lh3.googleusercontent.com/W1D1muINiJELgOltNQxzQOchqhDurw2WA7dAr0MS-u3lmOoo-p5b8Q3OsSiwl0dGBRhvTJlMZSbbL2F2LJbP2yFoiZCk7fzMTTRs,17765763.0,https://lh3.googleusercontent.com/mzsTJX68S5KcVZy7OeYrjsXokzZwBQjuFAu0G_PsE2K6AlQ4eMGD2Pc2qgGrCe2vwODkBF3oWLqZ3UK_OwWN3_INuQyaS4pLYbOtQmw,17765644.0,https://lh3.googleusercontent.com/yxjQckIvE9RntyMqiBLvckiFUWcDCxaT6nG7sLvO_nI62jRisNtFyo68-FY9lVNMNhvsQIqWPyq_dCpv50w2IkM5ESh1ge9c4w7w,17765764.0
sneaky-vampire-syndicate,196,https://lh3.googleusercontent.com/sXVsu96xBUeMhjOI20bja0bJgVoasaSXQGiD8ZW1d4ooQGhgkchkaTYHP3tbpPAzzDdWcIRzD52kYmkhefr3QVd4XrbfYIkNOeaFWjE,50006280.0,https://lh3.googleusercontent.com/BNb24cx9x59WaSqKDgQ4_dJLdm7au-XHd9ewH2cyOsURDerITPzgjk6tCBSf41Sl_aBIccyN1xyCwqvaSlNNTGjPpcQi7U0lSH7lSQ,49995840.0,https://lh3.googleusercontent.com/np25uKDtuROyQNbq7IgKR8qI0VUtH-epynqIh0KkOR6Pk5HmGl7M9o-y1tOcyzoibe3PFxGn21PplV84q4qboTEKyXkL1gqGTuYk,49997642.0,https://lh3.googleusercontent.com/LQvvYnEZXQ6e5Wq6bcXx6AjRIP-OXp7dFnH_ar8MbV8MLPlaMRSuEzIh6b9lekZ1_jUpfXSQkz_kR9vXp6ILUC1zRoO6H76N3H_X4g,49998124.0,https://lh3.googleusercontent.com/lA98F8uTjb_Sj1uF3AjXUJsPW5rAood0ag9tDaUua046VYKZC26YwaEJ3GJfmrIFfkGLhr7BRR2P9Cmu0s2S59-peV-b9qsA9XIyGQ,49996805.0
lazy-lions,199,https://lh3.googleusercontent.com/1F4iPo2b6hbwY6CsWxp38XeUfPdcVB6uyn22Doy9r7Z95JDZkVDC3uvghzeJTZ0AkMWOtVyZ6hwX4RVGEM8SYwSrMGrWHyIHRdAG,34980960.0,https://lh3.googleusercontent.com/RHVyWaN9o_L3e7bI6OsaIe6X7CjZQC9vVKXXD3Lgv8m828o7UVQ3ZJUqOOfb9Axq_69kpHZFqmDGFxscXOv4jmT8G6Mx4PjFRonhMw,34980360.0,https://lh3.googleusercontent.com/BtcxnawHF06UERrPS3YYhPsKKpaRAiImjD66Djv_IyrkNEIGThflhSTSgRGcrfmxJY5GxLsrdhoyT1bzKAU4qpoR1UKfM85utP0JZhc,34982160.0,https://lh3.googleusercontent.com/aJj2Gb0d-2I3Qe2MO56yoK7nEDjs7Qf9JttVptS8tYS8z1XC1eZ1A_Uaeu9C_0dqLextEKIvQHk-NPFRpSoqMg0_UYjOU8q8vun4Sg,34948081.0,https://lh3.googleusercontent.com/TNEyJJ99SAjipaq6UlBLdVmLUIjlagqfLsqMe9Ib6z2AjjFa6BlUThw46lNdjBG33vo_Pncq36XIUmwWBfFZ8QCRvOKONr8jW94lmMA,34950002.0
